{"schemaVersion":2,"manifests":[{"mediaType":"application/vnd.oci.image.index.v1+json","digest":"sha256:32dd53c5f816383096b1dba8ad78894c51573a10f483a67ca3124cdd646048e0","size":1386,"annotations":{"org.opencontainers.image.ref.name":"registry.hub.docker.com/amd64/hello-world:latest"}},{"mediaType":"application/vnd.oci.image.manifest.v1+json","digest":"sha256:579b3724a7b189f6dca599a46f16d801a43d5def185de0b7bcd5fb9d1e312c27","size":837,"annotations":{"com.docker.official-images.bashbrew.arch":"amd64","vnd.docker.reference.digest":"sha256:e2fc4e5012d16e7fe466f5291c476431beaa1f9b90a5c2125b493ed28e2aba57","vnd.docker.reference.type":"attestation-manifest"},"platform":{"architecture":"unknown","os":"unknown"}},{"mediaType":"application/vnd.oci.image.manifest.v1+json","digest":"sha256:e2fc4e5012d16e7fe466f5291c476431beaa1f9b90a5c2125b493ed28e2aba57","size":861,"annotations":{"com.docker.official-images.bashbrew.arch":"amd64","org.opencontainers.image.revision":"3fb6ebca4163bf5b9cc496ac3e8f11cb1e754aee","org.opencontainers.image.source":"https://github.com/docker-library/hello-world.git#3fb6ebca4163bf5b9cc496ac3e8f11cb1e754aee:amd64/hello-world","org.opencontainers.image.url":"https://hub.docker.com/_/hello-world","org.opencontainers.image.version":"linux"},"platform":{"architecture":"amd64","os":"linux"}}]}