{"architecture":"amd64","config":{"Env":["PATH=/usr/local/sbin:/usr/local/bin:/usr/sbin:/usr/bin:/sbin:/bin"],"Cmd":["/hello"],"WorkingDir":"/","ArgsEscaped":true,"OnBuild":null},"created":"2023-05-02T16:49:27Z","history":[{"created":"2023-05-02T16:49:27Z","created_by":"COPY hello / # buildkit","comment":"buildkit.dockerfile.v0"},{"created":"2023-05-02T16:49:27Z","created_by":"CMD [\"/hello\"]","comment":"buildkit.dockerfile.v0","empty_layer":true}],"os":"linux","rootfs":{"type":"layers","diff_ids":["sha256:ac28800ec8bb38d5c35b49d45a6ac4777544941199075dff8c4eb63e093aa81e"]}}