{"architecture":"riscv64","config":{"Env":["PATH=/usr/local/sbin:/usr/local/bin:/usr/sbin:/usr/bin:/sbin:/bin"],"Cmd":["/hello"],"WorkingDir":"/","ArgsEscaped":true,"OnBuild":null},"created":"2023-05-02T16:49:27Z","history":[{"created":"2023-05-02T16:49:27Z","created_by":"COPY hello / # buildkit","comment":"buildkit.dockerfile.v0"},{"created":"2023-05-02T16:49:27Z","created_by":"CMD [\"/hello\"]","comment":"buildkit.dockerfile.v0","empty_layer":true}],"os":"linux","rootfs":{"type":"layers","diff_ids":["sha256:e973e42354dbcd1b91807eca332b9e80797b1fd9b646c596d794907225042ca7"]}}