{"schemaVersion":2,"manifests":[{"mediaType":"application/vnd.oci.image.index.v1+json","digest":"sha256:17c54980c2a74087086fffa9533cd56bc7e81bb51f9d7ff060af3ac5be91809f","size":1394,"annotations":{"org.opencontainers.image.ref.name":"registry.hub.docker.com/riscv64/hello-world:latest"}},{"mediaType":"application/vnd.oci.image.manifest.v1+json","digest":"sha256:48147407c4594e45b7c3f0be1019bb0f44d78d7f037ce63e0e3da75b256f849e","size":837,"annotations":{"com.docker.official-images.bashbrew.arch":"riscv64","vnd.docker.reference.digest":"sha256:8d064a6fc27fd5e97fa8225994a1addd872396236367745bea30c92d6c032fa3","vnd.docker.reference.type":"attestation-manifest"},"platform":{"architecture":"unknown","os":"unknown"}},{"mediaType":"application/vnd.oci.image.manifest.v1+json","digest":"sha256:8d064a6fc27fd5e97fa8225994a1addd872396236367745bea30c92d6c032fa3","size":863,"annotations":{"com.docker.official-images.bashbrew.arch":"riscv64","org.opencontainers.image.revision":"3fb6ebca4163bf5b9cc496ac3e8f11cb1e754aee","org.opencontainers.image.source":"https://github.com/docker-library/hello-world.git#3fb6ebca4163bf5b9cc496ac3e8f11cb1e754aee:riscv64/hello-world","org.opencontainers.image.url":"https://hub.docker.com/_/hello-world","org.opencontainers.image.version":"linux"},"platform":{"architecture":"riscv64","os":"linux"}}]}